feature,gain,weight_frequency
feature_00,0.0,0.0
feature_01,0.0,0.0
feature_02,0.0,0.0
feature_03,0.0,0.0
feature_04,0.0,0.0
feature_05,0.0,0.0
feature_06,0.0,0.0
feature_07,0.0,0.0
feature_08,0.0,0.0
feature_09,0.0,0.0
feature_10,0.0,0.0
feature_11,0.0,0.0
feature_12,0.0,0.0
feature_13,0.0,0.0
feature_14,0.0,0.0
feature_15,0.0,0.0
feature_16,0.0,0.0
feature_17,0.0,0.0
feature_18,0.0,0.0
feature_19,0.0,0.0
feature_20,0.0,0.0
feature_21,0.0,0.0
feature_22,0.0,0.0
feature_23,0.0,0.0
feature_24,0.0,0.0
feature_25,0.0,0.0
feature_26,0.0,0.0
feature_27,0.0,0.0
feature_28,0.0,0.0
