feature_index,feature,mean_gain,total_gain,split_frequency
1,feature_01,700.3681389715207,320068.23950998497,457
4,feature_04,609.4937856680571,182238.64191474905,299
26,feature_26,138.61771291259925,69863.32730795002,504
27,feature_27,96.63055830758832,68607.6963983877,710
9,feature_09,81.25084066842332,50863.026258433,626
25,feature_25,91.37751067163312,46328.39791051799,507
28,feature_28,171.1327720178654,45692.45012877006,267
11,feature_11,124.91648387032906,39473.60890302398,316
24,feature_24,79.43573951181597,32806.96041838,413
5,feature_05,95.50506811903786,27791.974822640015,291
10,feature_10,91.86421112852774,26456.89280501599,288
6,feature_06,77.25303317995902,26420.537347545986,342
20,feature_20,85.12409185659929,25281.85528140999,297
8,feature_08,90.93640942108104,23552.530040059988,259
23,feature_23,83.0298429579201,20757.460739480022,250
2,feature_02,90.98175018173073,18924.20403779999,208
7,feature_07,64.21187005447763,17208.781174600004,268
22,feature_22,76.87705767202895,10609.033958739996,138
21,feature_21,106.3604673927711,8827.918793600002,83
0,feature_00,80.54882385803921,8215.98003352,102
13,feature_13,58.91710735822787,4654.451481300001,79
12,feature_12,52.02763338483873,1612.8566349300006,31
15,feature_15,9.990926105333333,149.86389158,15
19,feature_19,3.0532330229629627,82.43729162,27
17,feature_17,5.18204457076923,67.36657942,13
18,feature_18,5.08973071353846,66.16649927599998,13
16,feature_16,2.180788851,21.807888509999998,10
3,feature_03,0.0,0.0,0
14,feature_14,0.0,0.0,0
