model,target,baseline_type,roc_auc,pr_auc,tss,f1,positive_prevalence
XGBoost,ge_c,trained_model,0.8392489002312855,0.6603123417967051,0.5266029246190869,0.5915961626960247,0.22733940500437963
Logistic Regression,ge_c,trained_model,0.8460865393315702,0.6785306091775252,0.5374761942468931,0.599047941664141,0.22733940500437963
HistGradientBoosting,ge_c,trained_model,0.833827909621441,0.6472675323005486,0.5200459399654271,0.5892716464943064,0.22733940500437963
Extra Trees,ge_c,trained_model,0.8303166176655122,0.632152730139277,0.5056289252494581,0.5901765600631534,0.22733940500437963
Majority climatology,ge_c,training-prevalence constant probability,0.5,0.22733940500437963,,,0.22733940500437963
No-skill PR reference,ge_c,"test-set positive prevalence reference, not a fitted predictor",,0.22733940500437963,,,0.22733940500437963
XGBoost,ge_m,trained_model,0.9038354028305073,0.3724340167412825,0.5806910875125435,0.3852845233780355,0.0349525628713446
Logistic Regression,ge_m,trained_model,0.9224936724458592,0.41651019041995196,0.5818148359022596,0.4293517468824075,0.0349525628713446
HistGradientBoosting,ge_m,trained_model,0.8917947167630393,0.3812981106349946,0.5376379950938013,0.4111134766872472,0.0349525628713446
Extra Trees,ge_m,trained_model,0.9015423908487006,0.31354194023064613,0.6052065957653066,0.3214606819282108,0.0349525628713446
Majority climatology,ge_m,training-prevalence constant probability,0.5,0.0349525628713446,,,0.0349525628713446
No-skill PR reference,ge_m,"test-set positive prevalence reference, not a fitted predictor",,0.0349525628713446,,,0.0349525628713446
