model,model_key,target,threshold,task,total_test_samples,positive_count,negative_count,confusion_matrix,accuracy,positive_prevalence,roc_auc,pr_auc,tss,hss,csi,mcc,f1,precision,pod_recall_tpr,specificity,far,brier_score,roc_auc_ci_low,pr_auc_ci_low,tss_ci_low,hss_ci_low,csi_ci_low,mcc_ci_low,f1_ci_low,precision_ci_low,pod_recall_tpr_ci_low,specificity_ci_low,far_ci_low,brier_score_ci_low,roc_auc_ci_high,pr_auc_ci_high,tss_ci_high,hss_ci_high,csi_ci_high,mcc_ci_high,f1_ci_high,precision_ci_high,pod_recall_tpr_ci_high,specificity_ci_high,far_ci_high,brier_score_ci_high,weighted_f1,macro_roc_auc_ovr,macro_pr_auc_average_precision_ovr,accuracy_ci_low,accuracy_ci_high,macro_precision_ci_low,macro_precision_ci_high,macro_recall_ci_low,macro_recall_ci_high,macro_f1_ci_low,macro_f1_ci_high,weighted_f1_ci_low,weighted_f1_ci_high,macro_tss_ci_low,macro_tss_ci_high,macro_hss_ci_low,macro_hss_ci_high,macro_csi_ci_low,macro_csi_ci_high,macro_far_ci_low,macro_far_ci_high,C_roc_auc_ovr_ci_low,C_roc_auc_ovr_ci_high,C_pr_auc_ovr_ci_low,C_pr_auc_ovr_ci_high,M_roc_auc_ovr_ci_low,M_roc_auc_ovr_ci_high,M_pr_auc_ovr_ci_low,M_pr_auc_ovr_ci_high,X_roc_auc_ovr_ci_low,X_roc_auc_ovr_ci_high,X_pr_auc_ovr_ci_low,X_pr_auc_ovr_ci_high,macro_roc_auc_ovr_ci_low,macro_roc_auc_ovr_ci_high,macro_pr_auc_average_precision_ovr_ci_low,macro_pr_auc_average_precision_ovr_ci_high
XGBoost,xgboost,ge_c,0.2,binary,94757,21542.0,73215.0,"[[54971, 18244], [4830, 16712]]",0.7564929240056144,0.2273394050043796,0.8392489002312855,0.6603123417967051,0.5266029246190869,0.4317343280367456,0.4200472528024933,0.4574158636884119,0.5915961626960247,0.4780867376129992,0.775786835019961,0.7508160895991258,0.5219132623870008,0.1213309927839701,0.789711774909459,0.5244938777358701,0.4367907560699514,0.341740112061853,0.3318290714079009,0.3684455627312284,0.4983057918354997,0.3873333987614836,0.6762488664004515,0.6974936076734984,0.4330358072895118,0.1010457257454533,0.8797337822165677,0.7572048513585662,0.6054537689233549,0.5185247193673893,0.5027392422051432,0.5403580424009643,0.6690971006191426,0.566964192710488,0.846474221441366,0.8049548293496693,0.6126666012385162,0.1422536055242393,,,,,,,,,,,,,,,,,,,,,,,,,,,,,,,,,,,,,
Logistic Regression,logistic_regression,ge_c,0.2,binary,94757,21542.0,73215.0,"[[55468, 17747], [4742, 16800]]",0.7626666103823464,0.2273394050043796,0.8460865393315702,0.6785306091775252,0.5374761942468931,0.4430825782784726,0.4276006006770342,0.4680182559494084,0.599047941664141,0.4862940342142588,0.77987187819144,0.7576043160554531,0.5137059657857411,0.118658651082816,0.7969923362603398,0.5477907805825201,0.448228609268017,0.3509399169417621,0.3364970349807928,0.3784133385295154,0.5035507358752686,0.3930692002724349,0.6827454200571472,0.6999605406726086,0.4242295666087277,0.0992932893343271,0.8845388382066101,0.7668334976139056,0.6143361714006973,0.5311567490785933,0.5132334677743996,0.5534760144900037,0.67832686210392,0.5757704333912723,0.849349475335718,0.8131313777664038,0.606930799727565,0.1388086637994796,,,,,,,,,,,,,,,,,,,,,,,,,,,,,,,,,,,,,
HistGradientBoosting,histgradientboosting,ge_c,0.2,binary,94757,21542.0,73215.0,"[[55361, 17854], [5086, 16456]]",0.7579070675517376,0.2273394050043796,0.833827909621441,0.6472675323005486,0.5200459399654271,0.4300900059375758,0.4177073814600467,0.4535101583864323,0.5892716464943064,0.4796269309239289,0.7639030730665677,0.7561428668988596,0.5203730690760712,0.1236877257248535,0.7832962015209879,0.5083304201833563,0.4325881780814839,0.3369724414809614,0.3300206818775736,0.3637270697804741,0.4962639794980727,0.387360185811509,0.6662098481622855,0.7047944154061038,0.4312746736573671,0.1034876005370678,0.8754767978611485,0.7467619635397663,0.5985718645876984,0.5197734639247737,0.5016261793353978,0.5390408267141018,0.6681105903513154,0.5687253263426326,0.8374366167969487,0.8090928503007756,0.6126398141884909,0.144470954416101,,,,,,,,,,,,,,,,,,,,,,,,,,,,,,,,,,,,,
Extra Trees,extratrees,ge_c,0.3,binary,94757,21542.0,73215.0,"[[58146, 15069], [6216, 15326]]",0.7753727956773642,0.2273394050043796,0.8303166176655122,0.632152730139277,0.5056289252494581,0.4415882933968326,0.418617355439622,0.4540034103929301,0.5901765600631534,0.5042276690245107,0.7114474050691673,0.794181520180291,0.4957723309754894,0.1254387442251323,0.7784714662239369,0.4941573846865886,0.4063484740657538,0.3413083545148566,0.3239610040467703,0.3552736307920741,0.4893814893864057,0.4024808363200717,0.6001154762239858,0.7454739983732959,0.4011392835635916,0.1062422321785857,0.8724225640214622,0.7349935657719378,0.5914345694721796,0.5338080275377511,0.5049744510764298,0.5461017562322908,0.6710737838756418,0.5988607164364084,0.7912148350696034,0.8441137138102379,0.5975191636799282,0.1449830100571504,,,,,,,,,,,,,,,,,,,,,,,,,,,,,,,,,,,,,
XGBoost,xgboost,ge_m,0.1,binary,94757,3312.0,91445.0,"[[85847, 5598], [1186, 2126]]",0.9284063446499996,0.0349525628713446,0.9038354028305072,0.3724340167412825,0.5806910875125435,0.3536617885215063,0.2386083052749719,0.3897689123974125,0.3852845233780355,0.2752459865354738,0.6419082125603864,0.9387828749521572,0.7247540134645262,0.0263775929070904,0.8098874146401845,0.1287372928815287,0.3252982422403609,0.1629349336560441,0.1030353625690165,0.1962585994992202,0.1868214825758844,0.1226633109108942,0.3725055685040817,0.9099713119071654,0.5633941648158622,0.0147080793173201,0.9590964062988828,0.6454774610740571,0.7310121948080054,0.5206157453521111,0.3811366104815231,0.5441570804759063,0.5519173187044105,0.4366058351841377,0.7918296632878389,0.9626645642932384,0.8773366890891058,0.0400563074878883,,,,,,,,,,,,,,,,,,,,,,,,,,,,,,,,,,,,,
Logistic Regression,logistic_regression,ge_m,0.1,binary,94757,3312.0,91445.0,"[[87137, 4308], [1229, 2083]]",0.9415663222769822,0.0349525628713446,0.9224936724458592,0.4165101904199519,0.5818148359022596,0.4018087054186638,0.2733595800524934,0.4260719368498308,0.4293517468824075,0.3259270849632295,0.6289251207729468,0.9528897151293128,0.6740729150367705,0.0252724456118753,0.8466789429554291,0.1678772358644323,0.3226955866672373,0.201614593129517,0.1274671828170178,0.2260030431793216,0.2261124100478505,0.1582433744384956,0.360442022360627,0.9261603436054404,0.4997898451613047,0.0133411597196361,0.9675981496675994,0.6684428031199804,0.7384854896727807,0.5667196244420712,0.4210216207978067,0.5828850270465877,0.5925618436979289,0.5002101548386954,0.7866679263205715,0.9737610964701928,0.8417566255615042,0.0392555899121616,,,,,,,,,,,,,,,,,,,,,,,,,,,,,,,,,,,,,
HistGradientBoosting,histgradientboosting,ge_m,0.1,binary,94757,3312.0,91445.0,"[[87294, 4151], [1381, 1931]]",0.9416190888272108,0.0349525628713446,0.8917947167630393,0.3812981106349946,0.5376379950938013,0.3831976225639681,0.2587431327884228,0.4028944571592233,0.4111134766872472,0.3174942453140414,0.5830314009661836,0.9546065941276176,0.6825057546859585,0.027212266011914,0.7832002644789466,0.1176963493249547,0.2883639764117396,0.1821866336569374,0.1123770134101846,0.2030567530800596,0.2020484279236454,0.1448324759578333,0.3268620751549717,0.931308662482704,0.505850186498645,0.0152280390176543,0.956282042213193,0.647525657824335,0.7020769958102422,0.5566902558449826,0.4101482347978343,0.566317038267044,0.5817091102460973,0.4941498135013549,0.7435723347848159,0.973821577947761,0.8551675240421667,0.0412983270970921,,,,,,,,,,,,,,,,,,,,,,,,,,,,,,,,,,,,,
Extra Trees,extratrees,ge_m,0.1,binary,94757,3312.0,91445.0,"[[82622, 8823], [988, 2324]]",0.8964614751416782,0.0349525628713446,0.9015423908487006,0.3135419402306461,0.6052065957653066,0.2828094516541547,0.1915121549237742,0.3450012641227197,0.3214606819282108,0.2084865883197272,0.7016908212560387,0.903515774509268,0.7915134116802727,0.0278136006818421,0.819103559518615,0.1126845819459102,0.3725598495455964,0.1298216522712605,0.083666607707962,0.1814844209892114,0.1544139204692899,0.0929910516526852,0.466165956554017,0.8647227253688887,0.6582127261805978,0.0154748047098264,0.9522019391728904,0.6122611759026453,0.7440753358440187,0.4374937726899474,0.3163510116770254,0.4854315763860722,0.4806483996538648,0.3417872738194021,0.8369878974219989,0.9386389873987596,0.9070089483473146,0.0419243191606296,,,,,,,,,,,,,,,,,,,,,,,,,,,,,,,,,,,,,
CNN-LSTM,cnn_lstm,multiclass_C_M_X,,multiclass,2021,,,"[[1294, 394, 20], [96, 172, 11], [0, 28, 6]]",0.7283523008411678,,,,0.3286694410961876,0.24224666372952477,0.35165545285930805,0.3101243870483307,0.46614509185986047,0.46088656784100435,0.5168564282167417,,0.5391134321589957,,,,,,,,,,,,,,,,,,,,,,,,,,0.7632408073337313,0.7791107627602815,0.4276142290870942,0.6411981205139887,0.8201949906176061,0.36792209219730243,0.5483042567317937,0.39700668814876433,0.6268648223159268,0.3608587613577616,0.5535932331129442,0.6887645994710572,0.8446158106610782,0.14857307095946432,0.46546111103535504,0.09481084678421481,0.35896739406211925,0.2804139534645976,0.424488844281009,0.22177527841521827,0.630142922640244,0.6142085284478092,0.859967475616072,0.8662498713616975,0.9749826562102775,0.5347835486533827,0.8277469781780519,0.11802665695916524,0.5705301355227188,0.7813025015613606,0.986480212602459,0.02082108737684626,0.3251615416441532,0.6620149705152312,0.8568875417192475,0.36446310393843334,0.5766727807691974
